talepMetni,talepTipi,vatandasAdi,ilce,gelisKanali
İnşaat sahasında güvenlik önlemleri alınmıyor. Acil çözüm bekliyorum.,İmar ve Yapı,Ali Koç,Pendik,Web
Mahalledeki tek yeşil alan yapılaşmaya açıldı. İlgili birim bilgilendirilsin.,Park ve Bahçe,Fatma Demir,Kartal,Web
Bölgemizde voltaj dalgalanması cihazlara zarar veriyor. Konunun incelenmesini rica ederim.,Elektrik ve Aydınlatma,Ahmet Yılmaz,Kartal,Çağrı
Sokak hayvanlarına eziyet eden biri var. En kısa sürede müdahale bekliyoruz.,Hayvan Kontrolü,Ayşe Çelik,Pendik,Mobil
Ağaç budama çalışması uzun süredir yapılmıyor.,Park ve Bahçe,Zeynep Arslan,Pendik,Web
"Su basıncı çok düşük, üst katlara su çıkmıyor.",Su ve Kanalizasyon,Mustafa Şahin,Maltepe,Web
Yıldırım düşmesi sonrası mahalle karanlıkta kaldı. Konunun incelenmesini rica ederim.,Elektrik ve Aydınlatma,Ali Koç,Maltepe,Web
"Mezarlık aydınlatması yetersiz, gece ziyaret edilemiyor. Lütfen ilgilenin.",Mezarlık Hizmetleri,Ali Koç,Kartal,Web
Kaçak kat inşaatı tespit edildi. En kısa sürede müdahale bekliyoruz.,İmar ve Yapı,Mustafa Şahin,Kartal,Web
Parkımızdaki oyun grubu bozulmuş. Konunun incelenmesini rica ederim.,Park ve Bahçe,Mustafa Şahin,Ataşehir,Mobil
Çim biçme makinesi mahallemizdeki parkı atlıyor. En kısa sürede müdahale bekliyoruz.,Park ve Bahçe,Zeynep Arslan,Şişli,Mobil
Elektrik sayacım sürekli hata veriyor.,Elektrik ve Aydınlatma,Ayşe Çelik,Şişli,Web
İçme suyu şebeke hattı arızalı.,Su ve Kanalizasyon,Fatma Demir,Maltepe,Web
"Yüksek gerilim hattı altında oturuyoruz, tehlikeli. Konunun incelenmesini rica ederim.",Elektrik ve Aydınlatma,Fatma Demir,Ataşehir,Web
"Mezarlıkta güvenlik yetersiz, vandalizm yaşanıyor. Lütfen ilgilenin.",Mezarlık Hizmetleri,Ayşe Çelik,Üsküdar,Çağrı
Defin işlemleri hakkında destek almak istiyorum. Lütfen ilgilenin.,Mezarlık Hizmetleri,Hatice Öztürk,Beşiktaş,Mobil
Engelli çocuğum için özel eğitim desteği lazım.,Sosyal Yardım,Ayşe Çelik,Kartal,Mobil
"Parkta yabani otlar büyümüş, bakım yapılmıyor. Lütfen ilgilenin.",Park ve Bahçe,Mehmet Kaya,Kadıköy,Çağrı
"Otobüs durağında oturma yeri yok, yaşlılar ayakta bekliyor. Lütfen ilgilenin.",Ulaşım,Mehmet Kaya,Şişli,Çağrı
Ormanlık alana çöp dökülüyor. Lütfen ilgilenin.,Çevre ve Temizlik,Fatma Demir,Şişli,Çağrı
Park içindeki çeşme çalışmıyor.,Park ve Bahçe,Zeynep Arslan,Şişli,Web
"Okul servisi güzergahını değiştirdi, çocuklar mağdur. İlgili birim bilgilendirilsin.",Ulaşım,Hatice Öztürk,Üsküdar,Web
"Mezar yeri işaretleri silinmiş, bulmak zorlaştı. İlgili birim bilgilendirilsin.",Mezarlık Hizmetleri,Mustafa Şahin,Ataşehir,Web
Cenaze nakil hizmetiyle ilgili bilgi almak istiyorum. En kısa sürede müdahale bekliyoruz.,Mezarlık Hizmetleri,Hatice Öztürk,Ataşehir,Mobil
Sokak tamirat çalışması yarım bırakıldı. Acil çözüm bekliyorum.,Yol ve Kaldırım,Mustafa Şahin,Ataşehir,Mobil
"Musluktan akan suyun tadı değişti, içemiyoruz. Konunun incelenmesini rica ederim.",Su ve Kanalizasyon,Fatma Demir,Üsküdar,Çağrı
Mezarlıkta su tesisatı çalışmıyor. İlgili birim bilgilendirilsin.,Mezarlık Hizmetleri,Mehmet Kaya,Ataşehir,Çağrı
Engelli çocuğum için özel eğitim desteği lazım. İlgili birim bilgilendirilsin.,Sosyal Yardım,Zeynep Arslan,Şişli,Mobil
Park çevresindeki aydınlatmalar arızalı. Lütfen ilgilenin.,Elektrik ve Aydınlatma,Ali Koç,Kartal,Web
Mahallemizde çöpler zamanında toplanmıyor. En kısa sürede müdahale bekliyoruz.,Çevre ve Temizlik,Ali Koç,Şişli,Çağrı
Babamın mezarı bulunduğu alanda çevre duvarı yıkılmış. Konunun incelenmesini rica ederim.,Mezarlık Hizmetleri,Ali Koç,Kartal,Web
"Bahçemizde su borusu patladı, su fışkırıyor. En kısa sürede müdahale bekliyoruz.",Su ve Kanalizasyon,Ayşe Çelik,Şişli,Çağrı
Spor aletleri bakımsız ve paslanmış durumda. İlgili birim bilgilendirilsin.,Park ve Bahçe,Hatice Öztürk,Kadıköy,Mobil
"Boş arsaya moloz dökülüyor, kimse müdahale etmiyor.",Çevre ve Temizlik,Ali Koç,Üsküdar,Mobil
"Yaşlı komşumuz bakıma muhtaç, yardım gerekiyor. En kısa sürede müdahale bekliyoruz.",Sosyal Yardım,Ahmet Yılmaz,Kartal,Web
Çöp kamyonu mahallemizi atlıyor.,Çevre ve Temizlik,Ahmet Yılmaz,Beşiktaş,Web
Eski bina yıkılmadan yeni inşaata başlandı. Lütfen ilgilenin.,İmar ve Yapı,Hatice Öztürk,Üsküdar,Çağrı
Hasta yakınına evde bakım hizmeti talep ediyorum. İlgili birim bilgilendirilsin.,Sosyal Yardım,Zeynep Arslan,Ataşehir,Mobil
"Yağmurda alt geçit su doldu, geçiş yapılamıyor. Konunun incelenmesini rica ederim.",Yol ve Kaldırım,Ali Koç,Maltepe,Mobil
Çevreye atılan izmaritler yangın tehlikesi yaratıyor. Acil çözüm bekliyorum.,Çevre ve Temizlik,Hatice Öztürk,Kadıköy,Web
Cenaze töreninde görevli gelmedi. Acil çözüm bekliyorum.,Mezarlık Hizmetleri,Zeynep Arslan,Ataşehir,Web
Sokağımızdaki kaldırım işgali yayaları zorluyor.,Yol ve Kaldırım,Ahmet Yılmaz,Kadıköy,Çağrı
İnşaat tozu çevreye yayılıyor. Acil çözüm bekliyorum.,İmar ve Yapı,Mehmet Kaya,Ataşehir,Çağrı
"Yol çizgileri silinmiş, trafik karışıyor.",Yol ve Kaldırım,Fatma Demir,Ataşehir,Mobil
"Sokak taş döşemesi bozulmuş, takılma riski var. Konunun incelenmesini rica ederim.",Yol ve Kaldırım,Mehmet Kaya,Beşiktaş,Çağrı
"Mezarlıkta güvenlik yetersiz, vandalizm yaşanıyor. Acil çözüm bekliyorum.",Mezarlık Hizmetleri,Ahmet Yılmaz,Maltepe,Web
"Pazar yeri temizlenmeden bırakıldı, koku yayılıyor. İlgili birim bilgilendirilsin.",Çevre ve Temizlik,Ayşe Çelik,Beşiktaş,Web
"Köpek ısırması vakası yaşandı, önlem alınması gerekiyor. Acil çözüm bekliyorum.",Hayvan Kontrolü,Mustafa Şahin,Beşiktaş,Web
Park çevresindeki aydınlatmalar arızalı. Konunun incelenmesini rica ederim.,Elektrik ve Aydınlatma,Ali Koç,Pendik,Çağrı
"Okul servisi güzergahını değiştirdi, çocuklar mağdur.",Ulaşım,Zeynep Arslan,Kadıköy,Mobil
Yakacak yardımı başvurusu nasıl yapılır. Acil çözüm bekliyorum.,Sosyal Yardım,Ali Koç,Pendik,Web
"Komşu köpeği sürekli havlıyor, uyuyamıyoruz.",Hayvan Kontrolü,Mehmet Kaya,Kartal,Çağrı
Mezarlıkta yabani otlar temizlenmiyor.,Mezarlık Hizmetleri,Mustafa Şahin,Şişli,Mobil
"Salıncak zinciri koptu, çocuk düştü.",Park ve Bahçe,Mustafa Şahin,Pendik,Çağrı
Durakta çok uzun süre araç bekliyoruz. Konunun incelenmesini rica ederim.,Ulaşım,Hatice Öztürk,Ataşehir,Mobil
Mezarlık ziyaret saatleri yetersiz. En kısa sürede müdahale bekliyoruz.,Mezarlık Hizmetleri,Ali Koç,Pendik,Çağrı
"Yol çizgileri silinmiş, trafik karışıyor. Konunun incelenmesini rica ederim.",Yol ve Kaldırım,Mehmet Kaya,Şişli,Çağrı
Apartman önüne bırakılan atıklar günlerce duruyor. Konunun incelenmesini rica ederim.,Çevre ve Temizlik,Zeynep Arslan,Maltepe,Web
"Durak kaldırıldı, yaşlılar yürüyemiyor. En kısa sürede müdahale bekliyoruz.",Ulaşım,Ahmet Yılmaz,Ataşehir,Çağrı
Çocuğuma burs veya eğitim desteği almak istiyorum.,Sosyal Yardım,Ali Koç,Şişli,Web
Engelli bireylerin kullanabileceği araç bulunmuyor.,Ulaşım,Hatice Öztürk,Şişli,Mobil
Otobüs sefer saatleri yetersiz. Acil çözüm bekliyorum.,Ulaşım,Mustafa Şahin,Ataşehir,Mobil
"Kaldırıma araç park ediliyor, yürüyemiyoruz. Konunun incelenmesini rica ederim.",Yol ve Kaldırım,Zeynep Arslan,Şişli,Web
"Okul servisi güzergahını değiştirdi, çocuklar mağdur. Konunun incelenmesini rica ederim.",Ulaşım,Ali Koç,Pendik,Mobil
Depreme dayanıksız bina için ne yapabiliriz. Konunun incelenmesini rica ederim.,İmar ve Yapı,Mustafa Şahin,Maltepe,Çağrı
Çocuk parkındaki kaydırak tehlikeli hale geldi.,Park ve Bahçe,Ayşe Çelik,Pendik,Çağrı
Kaçak depo inşaatı yapılıyor.,İmar ve Yapı,Mehmet Kaya,Ataşehir,Çağrı
Yakacak yardımı başvurusu nasıl yapılır. Konunun incelenmesini rica ederim.,Sosyal Yardım,Mustafa Şahin,Beşiktaş,Çağrı
Yapı denetim eksikliği nedeniyle tehlikeli görünüyor. Lütfen ilgilenin.,İmar ve Yapı,Zeynep Arslan,Üsküdar,Mobil
Parkımızdaki oyun grubu bozulmuş.,Park ve Bahçe,Mehmet Kaya,Maltepe,Çağrı
İnşaat sahasında güvenlik önlemleri alınmıyor. En kısa sürede müdahale bekliyoruz.,İmar ve Yapı,Mustafa Şahin,Üsküdar,Web
Yakacak yardımı başvurusu nasıl yapılır. Acil çözüm bekliyorum.,Sosyal Yardım,Ahmet Yılmaz,Maltepe,Mobil
"Rögar kapağı kırık, kaza riski var. İlgili birim bilgilendirilsin.",Su ve Kanalizasyon,Zeynep Arslan,Üsküdar,Çağrı
"Durak kaldırıldı, yaşlılar yürüyemiyor. İlgili birim bilgilendirilsin.",Ulaşım,Fatma Demir,Beşiktaş,Mobil
"Yol çizgileri silinmiş, trafik karışıyor. Acil çözüm bekliyorum.",Yol ve Kaldırım,Ahmet Yılmaz,Üsküdar,Çağrı
Yalnız yaşayan komşum için sosyal hizmet talep ediyorum. Konunun incelenmesini rica ederim.,Sosyal Yardım,Fatma Demir,Ataşehir,Çağrı
"Kavşakta zemin kaygan, kaza çıktı. İlgili birim bilgilendirilsin.",Yol ve Kaldırım,Ayşe Çelik,Kartal,Mobil
Depreme dayanıksız bina için ne yapabiliriz. Konunun incelenmesini rica ederim.,İmar ve Yapı,Ali Koç,Maltepe,Web
"Parkta içki içiliyor, aileler gelemiyor. Acil çözüm bekliyorum.",Park ve Bahçe,Fatma Demir,Ataşehir,Web
"Engelli rampası yapılmamış, tekerlekli sandalye geçemiyor. Konunun incelenmesini rica ederim.",Yol ve Kaldırım,Fatma Demir,Üsküdar,Çağrı
Sokak süpürme çalışması haftalar önce durdu. En kısa sürede müdahale bekliyoruz.,Çevre ve Temizlik,Fatma Demir,Üsküdar,Çağrı
"Yaralı köpek kapı önünde yatıyor, toplanması gerekiyor. İlgili birim bilgilendirilsin.",Hayvan Kontrolü,Hatice Öztürk,Maltepe,Çağrı
"Su sayacı arızalı, fatura çok yüksek geldi. Konunun incelenmesini rica ederim.",Su ve Kanalizasyon,Mustafa Şahin,Şişli,Çağrı
"Köpek ısırması vakası yaşandı, önlem alınması gerekiyor. Konunun incelenmesini rica ederim.",Hayvan Kontrolü,Ayşe Çelik,Kartal,Çağrı
Kedi maması bırakan vatandaşlar kaldırımı kirletiyor. Lütfen ilgilenin.,Hayvan Kontrolü,Mehmet Kaya,Maltepe,Çağrı
Mahallede sürekli elektrik kesintisi yaşanıyor. Acil çözüm bekliyorum.,Elektrik ve Aydınlatma,Mehmet Kaya,Maltepe,Web
"Geceleri sadece bazı sokaklar aydınlatılıyor, eşitsizlik var. Konunun incelenmesini rica ederim.",Elektrik ve Aydınlatma,Hatice Öztürk,Beşiktaş,Mobil
"Mezarlıkta güvenlik yetersiz, vandalizm yaşanıyor.",Mezarlık Hizmetleri,Ali Koç,Maltepe,Web
Kedi maması bırakan vatandaşlar kaldırımı kirletiyor. İlgili birim bilgilendirilsin.,Hayvan Kontrolü,Hatice Öztürk,Beşiktaş,Web
Yaralı bir sokak hayvanı için ekip desteği gerekiyor. İlgili birim bilgilendirilsin.,Hayvan Kontrolü,Zeynep Arslan,Maltepe,Çağrı
Sokağımızdaki kaldırım işgali yayaları zorluyor. Lütfen ilgilenin.,Yol ve Kaldırım,Ahmet Yılmaz,Maltepe,Web
İnşaat sahasında güvenlik önlemleri alınmıyor. Lütfen ilgilenin.,İmar ve Yapı,Hatice Öztürk,Şişli,Mobil
İçme suyu şebeke hattı arızalı. En kısa sürede müdahale bekliyoruz.,Su ve Kanalizasyon,Ali Koç,Şişli,Çağrı
"Yol çizgileri silinmiş, trafik karışıyor. Konunun incelenmesini rica ederim.",Yol ve Kaldırım,Ali Koç,Pendik,Mobil
"Su basıncı çok düşük, üst katlara su çıkmıyor. Lütfen ilgilenin.",Su ve Kanalizasyon,Zeynep Arslan,Kartal,Web
"Sokak lambası direği devrildi, yolu kapattı. Konunun incelenmesini rica ederim.",Elektrik ve Aydınlatma,Ali Koç,Kadıköy,Mobil
Durakta çok uzun süre araç bekliyoruz. Konunun incelenmesini rica ederim.,Ulaşım,Mustafa Şahin,Pendik,Çağrı
"Mezarlık kapısı kilitli, giriş yapılamıyor. En kısa sürede müdahale bekliyoruz.",Mezarlık Hizmetleri,Ahmet Yılmaz,Şişli,Mobil
İnşaat sahasında güvenlik önlemleri alınmıyor. Lütfen ilgilenin.,İmar ve Yapı,Zeynep Arslan,Şişli,Web
Elektrik sayacım sürekli hata veriyor. Acil çözüm bekliyorum.,Elektrik ve Aydınlatma,Ayşe Çelik,Maltepe,Web
"Otobüs içi kalabalık, yolcular binemıyor. Konunun incelenmesini rica ederim.",Ulaşım,Hatice Öztürk,Şişli,Çağrı
Suyumuz sarı renkte geliyor.,Su ve Kanalizasyon,Ayşe Çelik,Üsküdar,Mobil
"Kavşakta zemin kaygan, kaza çıktı. Acil çözüm bekliyorum.",Yol ve Kaldırım,Ali Koç,Beşiktaş,Çağrı
Çocuk parkındaki kaydırak tehlikeli hale geldi. İlgili birim bilgilendirilsin.,Park ve Bahçe,Fatma Demir,Üsküdar,Mobil
"Trafik ışıkları arızalı, kaza riski var. En kısa sürede müdahale bekliyoruz.",Elektrik ve Aydınlatma,Mustafa Şahin,Kartal,Mobil
"Ağaç fırtınada devrildi, yolu kapattı. Lütfen ilgilenin.",Park ve Bahçe,Hatice Öztürk,Üsküdar,Mobil
Komşu bina çöplerini dışarıya atıyor. En kısa sürede müdahale bekliyoruz.,Çevre ve Temizlik,Mehmet Kaya,Beşiktaş,Mobil
"Salıncak zinciri koptu, çocuk düştü. Konunun incelenmesini rica ederim.",Park ve Bahçe,Mustafa Şahin,Kadıköy,Mobil
"Park girişine araç park ediliyor, yaya geçişi engelleniyor. En kısa sürede müdahale bekliyoruz.",Park ve Bahçe,Hatice Öztürk,Üsküdar,Mobil
"Bahçe duvarı yıkıldı, park güvensiz hale geldi. İlgili birim bilgilendirilsin.",Park ve Bahçe,Zeynep Arslan,Pendik,Web
Yaşlı bakım evine başvuru hakkında bilgi almak istiyorum. İlgili birim bilgilendirilsin.,Sosyal Yardım,Hatice Öztürk,Pendik,Çağrı
"Su sayacı arızalı, fatura çok yüksek geldi. En kısa sürede müdahale bekliyoruz.",Su ve Kanalizasyon,Ali Koç,Ataşehir,Mobil
Defin işlemleri hakkında destek almak istiyorum. Konunun incelenmesini rica ederim.,Mezarlık Hizmetleri,Hatice Öztürk,Kartal,Mobil
Kedilere mama bırakılan alan kirletiliyor. İlgili birim bilgilendirilsin.,Hayvan Kontrolü,Ahmet Yılmaz,Üsküdar,Web
Yalnız yaşayan komşum için sosyal hizmet talep ediyorum. Konunun incelenmesini rica ederim.,Sosyal Yardım,Fatma Demir,Şişli,Çağrı
Mezarlıkta yabani otlar temizlenmiyor. İlgili birim bilgilendirilsin.,Mezarlık Hizmetleri,Ahmet Yılmaz,Üsküdar,Mobil
"Yaşlı komşumuz bakıma muhtaç, yardım gerekiyor. Acil çözüm bekliyorum.",Sosyal Yardım,Hatice Öztürk,Maltepe,Mobil
Okul kıyafeti yardımı almak istiyorum.,Sosyal Yardım,Ali Koç,Beşiktaş,Mobil
Ormanlık alana çöp dökülüyor. İlgili birim bilgilendirilsin.,Çevre ve Temizlik,Zeynep Arslan,Şişli,Web
İnşaat sahasında güvenlik önlemleri alınmıyor. En kısa sürede müdahale bekliyoruz.,İmar ve Yapı,Fatma Demir,Ataşehir,Web
"Maddi sıkıntı içindeyiz, acil yardım talep ediyoruz. Lütfen ilgilenin.",Sosyal Yardım,Fatma Demir,Kartal,Çağrı
Asfalt çökmesi nedeniyle araçlar hasara uğruyor. İlgili birim bilgilendirilsin.,Yol ve Kaldırım,Mehmet Kaya,Maltepe,Çağrı
Park çevresindeki aydınlatmalar arızalı. Konunun incelenmesini rica ederim.,Elektrik ve Aydınlatma,Ahmet Yılmaz,Maltepe,Mobil
"Çocuk oyun alanı çamurlu, zemin döşenmesi gerekiyor. İlgili birim bilgilendirilsin.",Park ve Bahçe,Mehmet Kaya,Ataşehir,Web
"Çöp toplama saatleri düzensiz, sabah erken geliyor. En kısa sürede müdahale bekliyoruz.",Çevre ve Temizlik,Mehmet Kaya,Üsküdar,Çağrı
Çöp konteynerleri uzun süredir temizlenmedi. En kısa sürede müdahale bekliyoruz.,Çevre ve Temizlik,Ali Koç,Ataşehir,Mobil
Çöp kamyonu mahallemizi atlıyor. Lütfen ilgilenin.,Çevre ve Temizlik,Ayşe Çelik,Şişli,Web
Hasta yakınına evde bakım hizmeti talep ediyorum. İlgili birim bilgilendirilsin.,Sosyal Yardım,Mustafa Şahin,Kadıköy,Mobil
Bodrumlara kanalizasyon suyu doldu.,Su ve Kanalizasyon,Mehmet Kaya,Beşiktaş,Mobil
"Komşu bina balkonunu kapattı, izni var mı bilmiyoruz. En kısa sürede müdahale bekliyoruz.",İmar ve Yapı,Mustafa Şahin,Kartal,Web
"Yağmur suyu tahliyesi yapılmıyor, sokak su altında kalıyor. İlgili birim bilgilendirilsin.",Su ve Kanalizasyon,Mustafa Şahin,Ataşehir,Mobil
"Rögar kapağı kırık, kaza riski var. Acil çözüm bekliyorum.",Su ve Kanalizasyon,Ayşe Çelik,Kartal,Web
"3 çocuklu aileyiz, kira yardımı almak istiyoruz. En kısa sürede müdahale bekliyoruz.",Sosyal Yardım,Mustafa Şahin,Maltepe,Çağrı
"İşsiz kaldım, destek programları hakkında bilgi istiyorum. Konunun incelenmesini rica ederim.",Sosyal Yardım,Ahmet Yılmaz,Kadıköy,Web
"Ağaç fırtınada devrildi, yolu kapattı. Konunun incelenmesini rica ederim.",Park ve Bahçe,Ayşe Çelik,Pendik,Çağrı
"Yaralı kedi yol ortasında bulundu, yardım gerekiyor. En kısa sürede müdahale bekliyoruz.",Hayvan Kontrolü,Mustafa Şahin,Üsküdar,Web
Çocuk parkındaki kaydırak tehlikeli hale geldi.,Park ve Bahçe,Ahmet Yılmaz,Maltepe,Mobil
İnşaat sahasında güvenlik önlemleri alınmıyor. En kısa sürede müdahale bekliyoruz.,İmar ve Yapı,Zeynep Arslan,Üsküdar,Çağrı
Dere kenarına dökülen atıklar temizlenmiyor. Konunun incelenmesini rica ederim.,Çevre ve Temizlik,Ali Koç,Üsküdar,Çağrı
Cadde üzerindeki çöp kutuları taşıyor. En kısa sürede müdahale bekliyoruz.,Çevre ve Temizlik,Zeynep Arslan,Maltepe,Çağrı
Spor aletleri bakımsız ve paslanmış durumda. İlgili birim bilgilendirilsin.,Park ve Bahçe,Mustafa Şahin,Pendik,Çağrı
"Mezarlık içindeki yollar çamurlu, yürünemiyor. Acil çözüm bekliyorum.",Mezarlık Hizmetleri,Mehmet Kaya,Ataşehir,Web
"Köpek sürüsü okul önünde toplanıyor, çocuklar geçemiyor. En kısa sürede müdahale bekliyoruz.",Hayvan Kontrolü,Zeynep Arslan,Beşiktaş,Mobil
Mezarlıkta bakım ve temizlik yetersiz kalıyor. Konunun incelenmesini rica ederim.,Mezarlık Hizmetleri,Fatma Demir,Şişli,Mobil
Spor aletleri bakımsız ve paslanmış durumda. En kısa sürede müdahale bekliyoruz.,Park ve Bahçe,Ali Koç,Pendik,Çağrı
Yıkım izni olmadan bina yıkılıyor. İlgili birim bilgilendirilsin.,İmar ve Yapı,Ahmet Yılmaz,Pendik,Web
"Köpek ısırması vakası yaşandı, önlem alınması gerekiyor.",Hayvan Kontrolü,Fatma Demir,Şişli,Web
Akşam seferleri çok erken bitiyor.,Ulaşım,Ali Koç,Beşiktaş,Çağrı
Defin işlemleri hakkında destek almak istiyorum. Acil çözüm bekliyorum.,Mezarlık Hizmetleri,Mustafa Şahin,Şişli,Çağrı
Saldırgan köpek nedeniyle parkta yürüyemiyoruz. Lütfen ilgilenin.,Hayvan Kontrolü,Mehmet Kaya,Kartal,Mobil
"3 çocuklu aileyiz, kira yardımı almak istiyoruz.",Sosyal Yardım,Ali Koç,Üsküdar,Mobil
Trafo arızası nedeniyle uzun süredir elektrik yok. İlgili birim bilgilendirilsin.,Elektrik ve Aydınlatma,Ali Koç,Maltepe,Çağrı
"Su borusu patladı, yol çamura döndü. Lütfen ilgilenin.",Su ve Kanalizasyon,Hatice Öztürk,Şişli,Çağrı
"Ana caddemizde büyük bir çukur var, lastik patlattım. Acil çözüm bekliyorum.",Yol ve Kaldırım,Zeynep Arslan,Pendik,Çağrı
"Pazar yeri temizlenmeden bırakıldı, koku yayılıyor. Konunun incelenmesini rica ederim.",Çevre ve Temizlik,Ayşe Çelik,Beşiktaş,Mobil
Mahallede sürekli elektrik kesintisi yaşanıyor.,Elektrik ve Aydınlatma,Ayşe Çelik,Kadıköy,Çağrı
"Yağmurda alt geçit su doldu, geçiş yapılamıyor. Lütfen ilgilenin.",Yol ve Kaldırım,Mehmet Kaya,Ataşehir,Çağrı
"Kavşakta zemin kaygan, kaza çıktı. Lütfen ilgilenin.",Yol ve Kaldırım,Ayşe Çelik,Ataşehir,Mobil
"Yaşlı komşumuz bakıma muhtaç, yardım gerekiyor. En kısa sürede müdahale bekliyoruz.",Sosyal Yardım,Ahmet Yılmaz,Maltepe,Çağrı
"Otobüs içi kalabalık, yolcular binemıyor. En kısa sürede müdahale bekliyoruz.",Ulaşım,Mustafa Şahin,Üsküdar,Çağrı
Otobüs sefer saatleri yetersiz. Lütfen ilgilenin.,Ulaşım,Ahmet Yılmaz,Pendik,Çağrı
Yalnız yaşayan komşum için sosyal hizmet talep ediyorum. Konunun incelenmesini rica ederim.,Sosyal Yardım,Ahmet Yılmaz,Üsküdar,Mobil
Yaralı bir sokak hayvanı için ekip desteği gerekiyor. Lütfen ilgilenin.,Hayvan Kontrolü,Ali Koç,Beşiktaş,Web
Mahallede sahipsiz hayvan sayısı arttı. İlgili birim bilgilendirilsin.,Hayvan Kontrolü,Hatice Öztürk,Pendik,Web
"Köpek saldırısı sonucu yaralandım, ekip gelsin. Acil çözüm bekliyorum.",Hayvan Kontrolü,Hatice Öztürk,Ataşehir,Web
Toplu taşıma hattı mahallemize uğramıyor.,Ulaşım,Mustafa Şahin,Şişli,Web
Mezarlıkta bakım ve temizlik yetersiz kalıyor. Acil çözüm bekliyorum.,Mezarlık Hizmetleri,Hatice Öztürk,Kartal,Mobil
Çocuk parkındaki kaydırak tehlikeli hale geldi. İlgili birim bilgilendirilsin.,Park ve Bahçe,Hatice Öztürk,Beşiktaş,Çağrı
"Yağmurda alt geçit su doldu, geçiş yapılamıyor. En kısa sürede müdahale bekliyoruz.",Yol ve Kaldırım,Mehmet Kaya,Beşiktaş,Çağrı
Hasta yakınına evde bakım hizmeti talep ediyorum. En kısa sürede müdahale bekliyoruz.,Sosyal Yardım,Zeynep Arslan,Kartal,Web
"Okul servisi güzergahını değiştirdi, çocuklar mağdur. Konunun incelenmesini rica ederim.",Ulaşım,Hatice Öztürk,Kartal,Çağrı
İnşaat molozları kaldırıma bırakılmış.,Çevre ve Temizlik,Ayşe Çelik,Kartal,Mobil
Çocuğuma burs veya eğitim desteği almak istiyorum. İlgili birim bilgilendirilsin.,Sosyal Yardım,Zeynep Arslan,Şişli,Mobil
Eski bina yıkılmadan yeni inşaata başlandı.,İmar ve Yapı,Fatma Demir,Pendik,Mobil
Akıllı sayaç takıldıktan sonra faturalarım iki katına çıktı.,Elektrik ve Aydınlatma,Mustafa Şahin,Pendik,Çağrı
"Sokak lambası direği devrildi, yolu kapattı. Acil çözüm bekliyorum.",Elektrik ve Aydınlatma,Fatma Demir,Beşiktaş,Çağrı
Eski bina yıkılmadan yeni inşaata başlandı. Acil çözüm bekliyorum.,İmar ve Yapı,Zeynep Arslan,Üsküdar,Web
Defin işlemleri hakkında destek almak istiyorum. En kısa sürede müdahale bekliyoruz.,Mezarlık Hizmetleri,Zeynep Arslan,Beşiktaş,Mobil
Apartman önüne bırakılan atıklar günlerce duruyor.,Çevre ve Temizlik,Ali Koç,Kadıköy,Mobil
"Araçlar zamanında gelmiyor, saatler tutmuyor. Konunun incelenmesini rica ederim.",Ulaşım,Zeynep Arslan,Beşiktaş,Web
"Tümsek çok yüksek, araçlar hasar görüyor. Lütfen ilgilenin.",Yol ve Kaldırım,Mehmet Kaya,Şişli,Çağrı
Engelli bireye yönelik destek programlarına başvurmak istiyorum. Konunun incelenmesini rica ederim.,Sosyal Yardım,Zeynep Arslan,Beşiktaş,Mobil
Alt katlara kanalizasyon suyu geliyor. Lütfen ilgilenin.,Su ve Kanalizasyon,Ali Koç,Kadıköy,Web
"Yağmur suyu tahliyesi yapılmıyor, sokak su altında kalıyor. Acil çözüm bekliyorum.",Su ve Kanalizasyon,Mehmet Kaya,Maltepe,Web
Akşam seferleri çok erken bitiyor. Konunun incelenmesini rica ederim.,Ulaşım,Zeynep Arslan,Kadıköy,Çağrı
Yağmur sonrası yol çok tehlikeli hale geliyor. En kısa sürede müdahale bekliyoruz.,Yol ve Kaldırım,Ali Koç,Beşiktaş,Çağrı
Mezarlıkta bakım ve temizlik yetersiz kalıyor. Acil çözüm bekliyorum.,Mezarlık Hizmetleri,Ayşe Çelik,Kartal,Mobil
"Komşu köpeği sürekli havlıyor, uyuyamıyoruz. Konunun incelenmesini rica ederim.",Hayvan Kontrolü,Mehmet Kaya,Pendik,Mobil
"Yağmurda alt geçit su doldu, geçiş yapılamıyor. En kısa sürede müdahale bekliyoruz.",Yol ve Kaldırım,Fatma Demir,Kadıköy,Çağrı
Sahipsiz hayvanlar çöp kutularını devirip dağıtıyor. En kısa sürede müdahale bekliyoruz.,Hayvan Kontrolü,Ahmet Yılmaz,Beşiktaş,Mobil
"Mezarlık içindeki yollar çamurlu, yürünemiyor.",Mezarlık Hizmetleri,Ali Koç,Şişli,Web
Depremzede olarak yardım almak istiyorum. İlgili birim bilgilendirilsin.,Sosyal Yardım,Mustafa Şahin,Ataşehir,Web
Engelli bireye yönelik destek programlarına başvurmak istiyorum. Konunun incelenmesini rica ederim.,Sosyal Yardım,Ali Koç,Beşiktaş,Mobil
"Yol kenarı çökmüş, araçlar düşüyor. İlgili birim bilgilendirilsin.",Yol ve Kaldırım,Mustafa Şahin,Kadıköy,Çağrı
İnşaat çitleri kaldırımı tamamen kapattı. En kısa sürede müdahale bekliyoruz.,İmar ve Yapı,Ahmet Yılmaz,Kadıköy,Çağrı
Bodrumlara kanalizasyon suyu doldu. Lütfen ilgilenin.,Su ve Kanalizasyon,Mehmet Kaya,Maltepe,Mobil
"Musluktan akan suyun tadı değişti, içemiyoruz. Acil çözüm bekliyorum.",Su ve Kanalizasyon,Ahmet Yılmaz,Şişli,Web
"Otobüs durağında oturma yeri yok, yaşlılar ayakta bekliyor. Lütfen ilgilenin.",Ulaşım,Mehmet Kaya,Kartal,Web
"Su sayacı arızalı, fatura çok yüksek geldi. En kısa sürede müdahale bekliyoruz.",Su ve Kanalizasyon,Zeynep Arslan,Beşiktaş,Mobil
Kanalizasyon taşması nedeniyle sokağı kötü koku sardı. İlgili birim bilgilendirilsin.,Su ve Kanalizasyon,Ahmet Yılmaz,Şişli,Çağrı
"Balkonuma güvercin yuva kurdu, engelleyemiyorum. En kısa sürede müdahale bekliyoruz.",Hayvan Kontrolü,Ali Koç,Kartal,Web
Eski bina yıkılmadan yeni inşaata başlandı. Konunun incelenmesini rica ederim.,İmar ve Yapı,Fatma Demir,Kartal,Çağrı
Binamızın bodrum katında izinsiz işyeri açıldı. Lütfen ilgilenin.,İmar ve Yapı,Hatice Öztürk,Pendik,Çağrı
"Kaldırım yüksekliği düzensiz, düşme riski var. Acil çözüm bekliyorum.",Yol ve Kaldırım,Ayşe Çelik,Kartal,Web
"Köpek sürüsü okul önünde toplanıyor, çocuklar geçemiyor. En kısa sürede müdahale bekliyoruz.",Hayvan Kontrolü,Fatma Demir,Kartal,Mobil
Akıllı sayaç takıldıktan sonra faturalarım iki katına çıktı. Lütfen ilgilenin.,Elektrik ve Aydınlatma,Zeynep Arslan,Üsküdar,Çağrı
"Piknik alanı temizlenmiyor, çöp dolu.",Park ve Bahçe,Fatma Demir,Ataşehir,Mobil
Babamın mezarı bulunduğu alanda çevre duvarı yıkılmış.,Mezarlık Hizmetleri,Mehmet Kaya,Ataşehir,Çağrı
"Yaşlı komşumuz bakıma muhtaç, yardım gerekiyor. Konunun incelenmesini rica ederim.",Sosyal Yardım,Ayşe Çelik,Üsküdar,Web
"Yaşlı komşumuz bakıma muhtaç, yardım gerekiyor.",Sosyal Yardım,Fatma Demir,Üsküdar,Web
Komşu apartmana izinsiz asansör eklendi. İlgili birim bilgilendirilsin.,İmar ve Yapı,Hatice Öztürk,Pendik,Web
Akıllı sayaç takıldıktan sonra faturalarım iki katına çıktı. Lütfen ilgilenin.,Elektrik ve Aydınlatma,Hatice Öztürk,Beşiktaş,Mobil
Sokak tamirat çalışması yarım bırakıldı.,Yol ve Kaldırım,Mustafa Şahin,Maltepe,Web
Mahalle parkındaki çimler bakımsız durumda. Konunun incelenmesini rica ederim.,Park ve Bahçe,Fatma Demir,Maltepe,Mobil
Park içindeki çeşme çalışmıyor. Acil çözüm bekliyorum.,Park ve Bahçe,Ahmet Yılmaz,Pendik,Mobil
Eğitim yardımı başvurusu hakkında bilgi almak istiyorum.,Sosyal Yardım,Fatma Demir,Kartal,Mobil
Çöp kamyonu mahallemizi atlıyor. En kısa sürede müdahale bekliyoruz.,Çevre ve Temizlik,Ahmet Yılmaz,Şişli,Web
"Yaralı kedi yol ortasında bulundu, yardım gerekiyor. Konunun incelenmesini rica ederim.",Hayvan Kontrolü,Hatice Öztürk,Üsküdar,Çağrı
Elektrik sayacım sürekli hata veriyor. Acil çözüm bekliyorum.,Elektrik ve Aydınlatma,Zeynep Arslan,Beşiktaş,Web
"Yaya geçidi silik, sürücüler fark etmiyor. Acil çözüm bekliyorum.",Yol ve Kaldırım,Ayşe Çelik,Şişli,Mobil
"Okul servisi güzergahını değiştirdi, çocuklar mağdur. En kısa sürede müdahale bekliyoruz.",Ulaşım,Mehmet Kaya,Pendik,Mobil
"Mezarlıkta güvenlik yetersiz, vandalizm yaşanıyor. İlgili birim bilgilendirilsin.",Mezarlık Hizmetleri,Ali Koç,Pendik,Web
Mahallede çok sayıda başıboş hayvan dolaşıyor. Acil çözüm bekliyorum.,Hayvan Kontrolü,Zeynep Arslan,Beşiktaş,Mobil
İnşaat molozları kaldırıma bırakılmış. En kısa sürede müdahale bekliyoruz.,Çevre ve Temizlik,Ali Koç,Maltepe,Mobil
"Parkta içki içiliyor, aileler gelemiyor. Lütfen ilgilenin.",Park ve Bahçe,Zeynep Arslan,Beşiktaş,Web
Cadde üzerindeki çöp kutuları taşıyor. Konunun incelenmesini rica ederim.,Çevre ve Temizlik,Mustafa Şahin,Kartal,Çağrı
"Yüksek gerilim hattı altında oturuyoruz, tehlikeli.",Elektrik ve Aydınlatma,Fatma Demir,Maltepe,Web
"Yol kenarındaki bariyer yıkıldı, tehlike oluşturuyor.",Yol ve Kaldırım,Zeynep Arslan,Üsküdar,Web
"Tümsek çok yüksek, araçlar hasar görüyor. Acil çözüm bekliyorum.",Yol ve Kaldırım,Ali Koç,Pendik,Çağrı
37 numaralı otobüs sabah 7'den sonra gelmiyor. Konunun incelenmesini rica ederim.,Ulaşım,Mehmet Kaya,Ataşehir,Mobil
"Sokak lambası direği devrildi, yolu kapattı. Lütfen ilgilenin.",Elektrik ve Aydınlatma,Ayşe Çelik,Üsküdar,Çağrı
Durakta çok uzun süre araç bekliyoruz. Konunun incelenmesini rica ederim.,Ulaşım,Fatma Demir,Kadıköy,Web
"Boş arsaya moloz dökülüyor, kimse müdahale etmiyor. En kısa sürede müdahale bekliyoruz.",Çevre ve Temizlik,Mehmet Kaya,Kartal,Çağrı
Sahipsiz hayvanlar çöp kutularını devirip dağıtıyor. Lütfen ilgilenin.,Hayvan Kontrolü,Mehmet Kaya,Şişli,Çağrı
Yıldırım düşmesi sonrası mahalle karanlıkta kaldı. Konunun incelenmesini rica ederim.,Elektrik ve Aydınlatma,Ayşe Çelik,Şişli,Web
Dere kenarına dökülen atıklar temizlenmiyor.,Çevre ve Temizlik,Hatice Öztürk,Ataşehir,Web
Engelli bireylerin kullanabileceği araç bulunmuyor. Konunun incelenmesini rica ederim.,Ulaşım,Hatice Öztürk,Ataşehir,Mobil
Alt katlara kanalizasyon suyu geliyor. İlgili birim bilgilendirilsin.,Su ve Kanalizasyon,Hatice Öztürk,Maltepe,Mobil
"Kronik hastayım, ilaç desteğine ihtiyacım var. En kısa sürede müdahale bekliyoruz.",Sosyal Yardım,Ali Koç,Üsküdar,Çağrı
"Araçlar zamanında gelmiyor, saatler tutmuyor. Lütfen ilgilenin.",Ulaşım,Mustafa Şahin,Kadıköy,Web
"Rögar kapağı kırık, kaza riski var. Konunun incelenmesini rica ederim.",Su ve Kanalizasyon,Fatma Demir,Beşiktaş,Mobil
Eğitim yardımı başvurusu hakkında bilgi almak istiyorum. Lütfen ilgilenin.,Sosyal Yardım,Mustafa Şahin,Şişli,Web
"İnşaat çalışmaları gece de devam ediyor, gürültü yapıyor. İlgili birim bilgilendirilsin.",İmar ve Yapı,Fatma Demir,Ataşehir,Mobil
Sokak kedileri arabalara zarar veriyor. Acil çözüm bekliyorum.,Hayvan Kontrolü,Ali Koç,Kadıköy,Mobil
"Tümsek çok yüksek, araçlar hasar görüyor. Konunun incelenmesini rica ederim.",Yol ve Kaldırım,Ayşe Çelik,Kartal,Çağrı
37 numaralı otobüs sabah 7'den sonra gelmiyor. Lütfen ilgilenin.,Ulaşım,Ahmet Yılmaz,Pendik,Çağrı
"Musluktan akan suyun tadı değişti, içemiyoruz. Lütfen ilgilenin.",Su ve Kanalizasyon,Mehmet Kaya,Kadıköy,Mobil
"Yol çizgileri silinmiş, trafik karışıyor.",Yol ve Kaldırım,Mehmet Kaya,Şişli,Mobil
"Bisiklet yolu bozulmuş, kullanılamıyor. Acil çözüm bekliyorum.",Yol ve Kaldırım,Fatma Demir,Kadıköy,Mobil
"Yaralı kedi yol ortasında bulundu, yardım gerekiyor. Lütfen ilgilenin.",Hayvan Kontrolü,Ali Koç,Beşiktaş,Mobil
"Yeraltı kablosu arızalı, kesintiler tekrarlanıyor. Konunun incelenmesini rica ederim.",Elektrik ve Aydınlatma,Fatma Demir,Kadıköy,Çağrı
"Çöp toplama saatleri düzensiz, sabah erken geliyor.",Çevre ve Temizlik,Hatice Öztürk,Beşiktaş,Çağrı
Komşu apartmana izinsiz asansör eklendi. En kısa sürede müdahale bekliyoruz.,İmar ve Yapı,Ahmet Yılmaz,Ataşehir,Web
Cadde üzerindeki çöp kutuları taşıyor. Konunun incelenmesini rica ederim.,Çevre ve Temizlik,Ali Koç,Kadıköy,Web
Apartman önüne bırakılan atıklar günlerce duruyor. Lütfen ilgilenin.,Çevre ve Temizlik,Ali Koç,Üsküdar,Web
Kabir ziyaret alanlarında düzenleme yapılması gerekiyor. En kısa sürede müdahale bekliyoruz.,Mezarlık Hizmetleri,Zeynep Arslan,Beşiktaş,Web
Kaçak depo inşaatı yapılıyor. En kısa sürede müdahale bekliyoruz.,İmar ve Yapı,Ahmet Yılmaz,Kartal,Mobil
Toplu taşıma hattı mahallemize uğramıyor.,Ulaşım,Ali Koç,Pendik,Mobil
Mahallemizde çöpler zamanında toplanmıyor. Konunun incelenmesini rica ederim.,Çevre ve Temizlik,Fatma Demir,Pendik,Çağrı
Trafo arızası nedeniyle uzun süredir elektrik yok. En kısa sürede müdahale bekliyoruz.,Elektrik ve Aydınlatma,Zeynep Arslan,Üsküdar,Çağrı
Babamın mezarı bulunduğu alanda çevre duvarı yıkılmış. En kısa sürede müdahale bekliyoruz.,Mezarlık Hizmetleri,Zeynep Arslan,Üsküdar,Web
Geri dönüşüm kutuları aylar önce kaldırıldı.,Çevre ve Temizlik,Hatice Öztürk,Üsküdar,Çağrı
Ruhsata aykırı yapılaşma olduğu düşünülüyor.,İmar ve Yapı,Hatice Öztürk,Kadıköy,Mobil
Barınma desteğine ihtiyacım var. Acil çözüm bekliyorum.,Sosyal Yardım,Ayşe Çelik,Kadıköy,Mobil
Akşam seferleri çok erken bitiyor. En kısa sürede müdahale bekliyoruz.,Ulaşım,Ali Koç,Şişli,Mobil
Toplu taşıma hattı mahallemize uğramıyor.,Ulaşım,Ayşe Çelik,Maltepe,Mobil
Sokakta biriken atıklar kötü koku yapıyor.,Çevre ve Temizlik,Zeynep Arslan,Maltepe,Çağrı
"Komşu bina balkonunu kapattı, izni var mı bilmiyoruz. İlgili birim bilgilendirilsin.",İmar ve Yapı,Ali Koç,Şişli,Mobil
"Musluktan akan suyun tadı değişti, içemiyoruz. Lütfen ilgilenin.",Su ve Kanalizasyon,Hatice Öztürk,Şişli,Mobil
"Okul servisi güzergahını değiştirdi, çocuklar mağdur. Konunun incelenmesini rica ederim.",Ulaşım,Fatma Demir,Kartal,Çağrı
"Salıncak zinciri koptu, çocuk düştü. En kısa sürede müdahale bekliyoruz.",Park ve Bahçe,Mehmet Kaya,Maltepe,Mobil
"Su basıncı çok düşük, üst katlara su çıkmıyor. Acil çözüm bekliyorum.",Su ve Kanalizasyon,Zeynep Arslan,Maltepe,Mobil
Elektrik sayacım sürekli hata veriyor. En kısa sürede müdahale bekliyoruz.,Elektrik ve Aydınlatma,Ali Koç,Üsküdar,Web
Park içindeki çeşme çalışmıyor. Konunun incelenmesini rica ederim.,Park ve Bahçe,Hatice Öztürk,Kadıköy,Web
Apartman önüne bırakılan atıklar günlerce duruyor. En kısa sürede müdahale bekliyoruz.,Çevre ve Temizlik,Ali Koç,Maltepe,Web
Sokakta biriken atıklar kötü koku yapıyor. Acil çözüm bekliyorum.,Çevre ve Temizlik,Ali Koç,Pendik,Web
Kaçak kat inşaatı tespit edildi. Acil çözüm bekliyorum.,İmar ve Yapı,Mehmet Kaya,Şişli,Çağrı
"İnşaat çalışmaları gece de devam ediyor, gürültü yapıyor. Acil çözüm bekliyorum.",İmar ve Yapı,Ayşe Çelik,Pendik,Mobil
Lağım kokusu evin içine kadar geliyor. En kısa sürede müdahale bekliyoruz.,Su ve Kanalizasyon,Ahmet Yılmaz,Üsküdar,Web
"Komşu köpeği sürekli havlıyor, uyuyamıyoruz. Konunun incelenmesini rica ederim.",Hayvan Kontrolü,Zeynep Arslan,Şişli,Çağrı
Mezarlık ziyaret saatleri yetersiz. Lütfen ilgilenin.,Mezarlık Hizmetleri,Zeynep Arslan,Kartal,Mobil
"Yağmur suyu tahliyesi yapılmıyor, sokak su altında kalıyor. Lütfen ilgilenin.",Su ve Kanalizasyon,Fatma Demir,Kadıköy,Web
"Sefer sayısı azaltıldı, iş yerine yetişemiyorum. İlgili birim bilgilendirilsin.",Ulaşım,Ali Koç,Beşiktaş,Mobil
"Yağmur suyu tahliyesi yapılmıyor, sokak su altında kalıyor.",Su ve Kanalizasyon,Hatice Öztürk,Ataşehir,Web
Yapı denetim eksikliği nedeniyle tehlikeli görünüyor.,İmar ve Yapı,Hatice Öztürk,Ataşehir,Çağrı
Yağmur sonrası yol çok tehlikeli hale geliyor. Acil çözüm bekliyorum.,Yol ve Kaldırım,Hatice Öztürk,Üsküdar,Web
Elektrik sayacım sürekli hata veriyor. Acil çözüm bekliyorum.,Elektrik ve Aydınlatma,Zeynep Arslan,Pendik,Web
Ruhsata aykırı yapılaşma olduğu düşünülüyor. En kısa sürede müdahale bekliyoruz.,İmar ve Yapı,Mustafa Şahin,Maltepe,Çağrı
Sokak süpürme çalışması haftalar önce durdu. Konunun incelenmesini rica ederim.,Çevre ve Temizlik,Ayşe Çelik,Beşiktaş,Çağrı
Park içindeki banklar kırık ve kullanılamıyor. Lütfen ilgilenin.,Park ve Bahçe,Hatice Öztürk,Kadıköy,Mobil
Pano arızası nedeniyle binada elektrik yok. En kısa sürede müdahale bekliyoruz.,Elektrik ve Aydınlatma,Zeynep Arslan,Şişli,Web
"İnşaat çalışmaları gece de devam ediyor, gürültü yapıyor. En kısa sürede müdahale bekliyoruz.",İmar ve Yapı,Fatma Demir,Beşiktaş,Mobil
Lağım kokusu evin içine kadar geliyor.,Su ve Kanalizasyon,Hatice Öztürk,Kartal,Mobil
Çim biçme makinesi mahallemizdeki parkı atlıyor. Acil çözüm bekliyorum.,Park ve Bahçe,Mehmet Kaya,Pendik,Web
Eğitim yardımı başvurusu hakkında bilgi almak istiyorum. İlgili birim bilgilendirilsin.,Sosyal Yardım,Hatice Öztürk,Pendik,Çağrı
"Bahçe duvarı yıkıldı, park güvensiz hale geldi.",Park ve Bahçe,Mehmet Kaya,Üsküdar,Mobil
"Tümsek çok yüksek, araçlar hasar görüyor. Acil çözüm bekliyorum.",Yol ve Kaldırım,Fatma Demir,Üsküdar,Mobil
"Sokak lambası gündüz yanıyor, gece sönüyor. Lütfen ilgilenin.",Elektrik ve Aydınlatma,Zeynep Arslan,Ataşehir,Mobil
"Piknik alanı temizlenmiyor, çöp dolu. Konunun incelenmesini rica ederim.",Park ve Bahçe,Fatma Demir,Maltepe,Çağrı
Cenaze töreninde görevli gelmedi. Konunun incelenmesini rica ederim.,Mezarlık Hizmetleri,Mehmet Kaya,Maltepe,Web
"Bahçemizde su borusu patladı, su fışkırıyor. Acil çözüm bekliyorum.",Su ve Kanalizasyon,Mehmet Kaya,Üsküdar,Çağrı
"Bisiklet yolu bozulmuş, kullanılamıyor.",Yol ve Kaldırım,Zeynep Arslan,Kadıköy,Çağrı
Mahallede sürekli elektrik kesintisi yaşanıyor. Acil çözüm bekliyorum.,Elektrik ve Aydınlatma,Mustafa Şahin,Ataşehir,Web
"Otobüs durağında oturma yeri yok, yaşlılar ayakta bekliyor. En kısa sürede müdahale bekliyoruz.",Ulaşım,Ahmet Yılmaz,Şişli,Web
Cenaze töreninde görevli gelmedi. Konunun incelenmesini rica ederim.,Mezarlık Hizmetleri,Mustafa Şahin,Şişli,Çağrı
"Dolmuş güzergahı değişti, okula ulaşamıyoruz. Konunun incelenmesini rica ederim.",Ulaşım,Hatice Öztürk,Beşiktaş,Web
Park çevresindeki aydınlatmalar arızalı. Lütfen ilgilenin.,Elektrik ve Aydınlatma,Hatice Öztürk,Kartal,Mobil
"Komşu köpeği sürekli havlıyor, uyuyamıyoruz. Lütfen ilgilenin.",Hayvan Kontrolü,Zeynep Arslan,Üsküdar,Mobil
"Tramvay hattı hafta sonu çalışmıyor, alternatif yol yok.",Ulaşım,Zeynep Arslan,Kartal,Çağrı
Apartman önüne bırakılan atıklar günlerce duruyor. En kısa sürede müdahale bekliyoruz.,Çevre ve Temizlik,Fatma Demir,Pendik,Çağrı
"Komşu köpeği sürekli havlıyor, uyuyamıyoruz. Acil çözüm bekliyorum.",Hayvan Kontrolü,Mustafa Şahin,Şişli,Çağrı
Boru patlaması nedeniyle yol su altında kaldı. Acil çözüm bekliyorum.,Su ve Kanalizasyon,Ahmet Yılmaz,Maltepe,Mobil
"Bahçe atıkları kaldırıma bırakılmış, yürünemez oldu. İlgili birim bilgilendirilsin.",Çevre ve Temizlik,Ayşe Çelik,Üsküdar,Mobil
"Yol kenarı çökmüş, araçlar düşüyor.",Yol ve Kaldırım,Zeynep Arslan,Ataşehir,Çağrı
"Ağaç fırtınada devrildi, yolu kapattı. En kısa sürede müdahale bekliyoruz.",Park ve Bahçe,Hatice Öztürk,Şişli,Mobil
"Mezar yeri işaretleri silinmiş, bulmak zorlaştı. Acil çözüm bekliyorum.",Mezarlık Hizmetleri,Fatma Demir,Kartal,Web
"Mezarlık içindeki yollar çamurlu, yürünemiyor. Lütfen ilgilenin.",Mezarlık Hizmetleri,Ayşe Çelik,Pendik,Çağrı
Kanalizasyon taşması nedeniyle sokağı kötü koku sardı. Konunun incelenmesini rica ederim.,Su ve Kanalizasyon,Hatice Öztürk,Şişli,Mobil
Kaçak depo inşaatı yapılıyor. Acil çözüm bekliyorum.,İmar ve Yapı,Fatma Demir,Kartal,Çağrı
Cenaze nakil hizmetiyle ilgili bilgi almak istiyorum.,Mezarlık Hizmetleri,Zeynep Arslan,Kartal,Mobil
Sokakta biriken atıklar kötü koku yapıyor. İlgili birim bilgilendirilsin.,Çevre ve Temizlik,Ahmet Yılmaz,Ataşehir,Mobil
Kedi maması bırakan vatandaşlar kaldırımı kirletiyor. Konunun incelenmesini rica ederim.,Hayvan Kontrolü,Fatma Demir,Kartal,Web
Metro istasyonu çıkışında toplu taşıma bağlantısı yok. En kısa sürede müdahale bekliyoruz.,Ulaşım,Mustafa Şahin,Beşiktaş,Çağrı
İnşaat molozları kaldırıma bırakılmış. İlgili birim bilgilendirilsin.,Çevre ve Temizlik,Zeynep Arslan,Pendik,Web
Babamın mezarı bulunduğu alanda çevre duvarı yıkılmış. Lütfen ilgilenin.,Mezarlık Hizmetleri,Ayşe Çelik,Kartal,Web
Toplu taşıma hattı mahallemize uğramıyor. Acil çözüm bekliyorum.,Ulaşım,Ahmet Yılmaz,Üsküdar,Web
"Musluktan akan suyun tadı değişti, içemiyoruz. İlgili birim bilgilendirilsin.",Su ve Kanalizasyon,Hatice Öztürk,Üsküdar,Web
"Atık su oluğu tıkandı, kötü koku çıkıyor. Lütfen ilgilenin.",Çevre ve Temizlik,Zeynep Arslan,Pendik,Çağrı
"İşsiz kaldım, destek programları hakkında bilgi istiyorum. En kısa sürede müdahale bekliyoruz.",Sosyal Yardım,Mustafa Şahin,Pendik,Web
Kesinti öncesi bildirim yapılmıyor. En kısa sürede müdahale bekliyoruz.,Elektrik ve Aydınlatma,Hatice Öztürk,Maltepe,Mobil
Ailem için gıda yardımı talebinde bulunuyorum. Konunun incelenmesini rica ederim.,Sosyal Yardım,Zeynep Arslan,Beşiktaş,Mobil
"Bina cephesindeki taşlar düşüyor, tehlikeli. Konunun incelenmesini rica ederim.",İmar ve Yapı,Ahmet Yılmaz,Şişli,Mobil
"Köpek saldırısı sonucu yaralandım, ekip gelsin. En kısa sürede müdahale bekliyoruz.",Hayvan Kontrolü,Ayşe Çelik,Kadıköy,Web
Yakacak yardımı başvurusu nasıl yapılır. Lütfen ilgilenin.,Sosyal Yardım,Ali Koç,Üsküdar,Web
"Yeraltı kablosu arızalı, kesintiler tekrarlanıyor. Acil çözüm bekliyorum.",Elektrik ve Aydınlatma,Fatma Demir,Ataşehir,Çağrı
Park içindeki çeşme çalışmıyor. Konunun incelenmesini rica ederim.,Park ve Bahçe,Ali Koç,Üsküdar,Mobil
Barınma desteğine ihtiyacım var. İlgili birim bilgilendirilsin.,Sosyal Yardım,Hatice Öztürk,Kadıköy,Web
"Otobüs içi kalabalık, yolcular binemıyor. En kısa sürede müdahale bekliyoruz.",Ulaşım,Ayşe Çelik,Pendik,Web
"Mezar yeri işaretleri silinmiş, bulmak zorlaştı. En kısa sürede müdahale bekliyoruz.",Mezarlık Hizmetleri,Ali Koç,Pendik,Çağrı
Elektrik sayacım sürekli hata veriyor. En kısa sürede müdahale bekliyoruz.,Elektrik ve Aydınlatma,Zeynep Arslan,Pendik,Web
Ortak alan aydınlatması aylardır yanmıyor. En kısa sürede müdahale bekliyoruz.,Elektrik ve Aydınlatma,Hatice Öztürk,Ataşehir,Çağrı
"Sokak taş döşemesi bozulmuş, takılma riski var. En kısa sürede müdahale bekliyoruz.",Yol ve Kaldırım,Mustafa Şahin,Ataşehir,Mobil
Bodrumlara kanalizasyon suyu doldu.,Su ve Kanalizasyon,Ayşe Çelik,Şişli,Mobil
"Sokak lambası direği devrildi, yolu kapattı. Konunun incelenmesini rica ederim.",Elektrik ve Aydınlatma,Mustafa Şahin,Maltepe,Çağrı
"Yol kenarı çökmüş, araçlar düşüyor.",Yol ve Kaldırım,Ali Koç,Kartal,Mobil
"Yaşlı komşumuz bakıma muhtaç, yardım gerekiyor. Konunun incelenmesini rica ederim.",Sosyal Yardım,Ahmet Yılmaz,Maltepe,Web
Kabir ziyaret alanlarında düzenleme yapılması gerekiyor. Konunun incelenmesini rica ederim.,Mezarlık Hizmetleri,Hatice Öztürk,Maltepe,Web
Yakacak yardımı başvurusu nasıl yapılır. Lütfen ilgilenin.,Sosyal Yardım,Ayşe Çelik,Maltepe,Web
"Güvercin popülasyonu çok arttı, hijyen sorunu var. Lütfen ilgilenin.",Hayvan Kontrolü,Fatma Demir,Ataşehir,Çağrı
İnşaat sahasında güvenlik önlemleri alınmıyor.,İmar ve Yapı,Ayşe Çelik,Ataşehir,Çağrı
Saldırgan köpek nedeniyle parkta yürüyemiyoruz. İlgili birim bilgilendirilsin.,Hayvan Kontrolü,Zeynep Arslan,Şişli,Çağrı
Boru patlaması nedeniyle yol su altında kaldı. Acil çözüm bekliyorum.,Su ve Kanalizasyon,Mehmet Kaya,Kartal,Web
"Gece seferleri kaldırıldı, işten dönemiyoruz. İlgili birim bilgilendirilsin.",Ulaşım,Ayşe Çelik,Maltepe,Mobil
Akşam seferleri çok erken bitiyor.,Ulaşım,Ahmet Yılmaz,Beşiktaş,Web
"Köpek saldırısı sonucu yaralandım, ekip gelsin. Lütfen ilgilenin.",Hayvan Kontrolü,Ahmet Yılmaz,Üsküdar,Mobil
"Yaya geçidi silik, sürücüler fark etmiyor. Acil çözüm bekliyorum.",Yol ve Kaldırım,Ali Koç,Şişli,Çağrı
Yapı denetim eksikliği nedeniyle tehlikeli görünüyor. Acil çözüm bekliyorum.,İmar ve Yapı,Ahmet Yılmaz,Maltepe,Web
Okul kıyafeti yardımı almak istiyorum. Acil çözüm bekliyorum.,Sosyal Yardım,Zeynep Arslan,Maltepe,Mobil
Cenaze töreninde görevli gelmedi. En kısa sürede müdahale bekliyoruz.,Mezarlık Hizmetleri,Hatice Öztürk,Üsküdar,Web
"Mezarlık içindeki yollar çamurlu, yürünemiyor. Konunun incelenmesini rica ederim.",Mezarlık Hizmetleri,Ayşe Çelik,Beşiktaş,Mobil
Kaçak kat inşaatı tespit edildi.,İmar ve Yapı,Hatice Öztürk,Maltepe,Web
"Sokak lambası gündüz yanıyor, gece sönüyor. Acil çözüm bekliyorum.",Elektrik ve Aydınlatma,Zeynep Arslan,Maltepe,Web
İnşaat tozu çevreye yayılıyor. Lütfen ilgilenin.,İmar ve Yapı,Ali Koç,Kartal,Web
"Balkonuma güvercin yuva kurdu, engelleyemiyorum. Acil çözüm bekliyorum.",Hayvan Kontrolü,Ali Koç,Beşiktaş,Çağrı
Boru patlaması nedeniyle yol su altında kaldı. İlgili birim bilgilendirilsin.,Su ve Kanalizasyon,Zeynep Arslan,Ataşehir,Çağrı
Çevreye atılan izmaritler yangın tehlikesi yaratıyor. İlgili birim bilgilendirilsin.,Çevre ve Temizlik,Ayşe Çelik,Şişli,Mobil
Mahalledeki tek yeşil alan yapılaşmaya açıldı. Konunun incelenmesini rica ederim.,Park ve Bahçe,Ahmet Yılmaz,Maltepe,Web
"Komşu bina balkonunu kapattı, izni var mı bilmiyoruz.",İmar ve Yapı,Ayşe Çelik,Kadıköy,Web
"Mezarlık yolları bozuk, araçlar giremiyor. İlgili birim bilgilendirilsin.",Mezarlık Hizmetleri,Mustafa Şahin,Üsküdar,Mobil
"Suyumuz bulanık geliyor, içmeye çekiniyoruz.",Su ve Kanalizasyon,Mustafa Şahin,Beşiktaş,Web
"Trafik ışıkları arızalı, kaza riski var. Konunun incelenmesini rica ederim.",Elektrik ve Aydınlatma,Ayşe Çelik,Ataşehir,Çağrı
"Sokak lambası direği devrildi, yolu kapattı. Lütfen ilgilenin.",Elektrik ve Aydınlatma,Hatice Öztürk,Pendik,Mobil
Kedi maması bırakan vatandaşlar kaldırımı kirletiyor. İlgili birim bilgilendirilsin.,Hayvan Kontrolü,Ayşe Çelik,Ataşehir,Web
"Araçlar zamanında gelmiyor, saatler tutmuyor. Acil çözüm bekliyorum.",Ulaşım,Hatice Öztürk,Pendik,Çağrı
"Yol kenarı çökmüş, araçlar düşüyor. Acil çözüm bekliyorum.",Yol ve Kaldırım,Ahmet Yılmaz,Ataşehir,Web
"Duraklar arası mesafe çok fazla, yürüyemiyoruz. Lütfen ilgilenin.",Ulaşım,Mehmet Kaya,Pendik,Web
Depremzede olarak yardım almak istiyorum. Acil çözüm bekliyorum.,Sosyal Yardım,Ayşe Çelik,Şişli,Çağrı
"Piknik alanı temizlenmiyor, çöp dolu. İlgili birim bilgilendirilsin.",Park ve Bahçe,Ahmet Yılmaz,Şişli,Çağrı
"Tümsek çok yüksek, araçlar hasar görüyor. İlgili birim bilgilendirilsin.",Yol ve Kaldırım,Hatice Öztürk,Kadıköy,Web
Elektrik sayacım sürekli hata veriyor.,Elektrik ve Aydınlatma,Mustafa Şahin,Kadıköy,Mobil
Çevreye atılan izmaritler yangın tehlikesi yaratıyor. Acil çözüm bekliyorum.,Çevre ve Temizlik,Ayşe Çelik,Beşiktaş,Çağrı
"Haftada birkaç kez su kesiliyor, bildirim yapılmıyor. Konunun incelenmesini rica ederim.",Su ve Kanalizasyon,Fatma Demir,Kadıköy,Çağrı
"Yol çizgileri silinmiş, trafik karışıyor. Acil çözüm bekliyorum.",Yol ve Kaldırım,Mustafa Şahin,Kartal,Çağrı
"Yaşlı komşumuz bakıma muhtaç, yardım gerekiyor.",Sosyal Yardım,Ali Koç,Pendik,Mobil
"Komşu köpeği sürekli havlıyor, uyuyamıyoruz. İlgili birim bilgilendirilsin.",Hayvan Kontrolü,Ali Koç,Beşiktaş,Web
"Duraklar arası mesafe çok fazla, yürüyemiyoruz. Lütfen ilgilenin.",Ulaşım,Zeynep Arslan,Beşiktaş,Çağrı
"Kavşakta zemin kaygan, kaza çıktı. İlgili birim bilgilendirilsin.",Yol ve Kaldırım,Mehmet Kaya,Ataşehir,Çağrı
Sokak lambaları geceleri yanmıyor. Konunun incelenmesini rica ederim.,Elektrik ve Aydınlatma,Hatice Öztürk,Kartal,Web
Lağım kokusu evin içine kadar geliyor. Lütfen ilgilenin.,Su ve Kanalizasyon,Ayşe Çelik,Şişli,Mobil
"Mezarlık aydınlatması yetersiz, gece ziyaret edilemiyor. Konunun incelenmesini rica ederim.",Mezarlık Hizmetleri,Ayşe Çelik,Beşiktaş,Çağrı
Engelli çocuğum için özel eğitim desteği lazım. En kısa sürede müdahale bekliyoruz.,Sosyal Yardım,Ahmet Yılmaz,Ataşehir,Çağrı
Ağaç budama çalışması uzun süredir yapılmıyor. Acil çözüm bekliyorum.,Park ve Bahçe,Ahmet Yılmaz,Şişli,Web
Yaralı bir sokak hayvanı için ekip desteği gerekiyor. Lütfen ilgilenin.,Hayvan Kontrolü,Ahmet Yılmaz,Kartal,Mobil
Mezarlıkta su tesisatı çalışmıyor. En kısa sürede müdahale bekliyoruz.,Mezarlık Hizmetleri,Ayşe Çelik,Kadıköy,Çağrı
"İnşaat aracı yolu kapattı, geçiş yok. Konunun incelenmesini rica ederim.",İmar ve Yapı,Ayşe Çelik,Pendik,Web
Okul kıyafeti yardımı almak istiyorum.,Sosyal Yardım,Zeynep Arslan,Ataşehir,Mobil
Park içindeki banklar kırık ve kullanılamıyor.,Park ve Bahçe,Ayşe Çelik,Kartal,Mobil
"Sokak taş döşemesi bozulmuş, takılma riski var. Acil çözüm bekliyorum.",Yol ve Kaldırım,Mehmet Kaya,Kartal,Web
"Sokak köpekleri çöpleri dağıtıyor, temizlenmiyor. Acil çözüm bekliyorum.",Çevre ve Temizlik,Zeynep Arslan,Kartal,Web
"Boş arsaya moloz dökülüyor, kimse müdahale etmiyor.",Çevre ve Temizlik,Ali Koç,Kartal,Çağrı
Sahipsiz hayvanlar için barınak kapasitesi yetersiz. İlgili birim bilgilendirilsin.,Hayvan Kontrolü,Mehmet Kaya,Şişli,Çağrı
Park içinde çöp birikintisi oluştu. Konunun incelenmesini rica ederim.,Çevre ve Temizlik,Mehmet Kaya,Şişli,Çağrı
Cenaze töreninde görevli gelmedi. İlgili birim bilgilendirilsin.,Mezarlık Hizmetleri,Ali Koç,Üsküdar,Mobil
Engelli bireylerin kullanabileceği araç bulunmuyor. Konunun incelenmesini rica ederim.,Ulaşım,Ayşe Çelik,Pendik,Web
Mahallede sahipsiz hayvan sayısı arttı. İlgili birim bilgilendirilsin.,Hayvan Kontrolü,Zeynep Arslan,Beşiktaş,Web
"Parkta aydınlatma yetersiz, geceleri karanlık. Acil çözüm bekliyorum.",Park ve Bahçe,Mustafa Şahin,Kartal,Web
"Bisiklet yolu bozulmuş, kullanılamıyor. En kısa sürede müdahale bekliyoruz.",Yol ve Kaldırım,Ahmet Yılmaz,Beşiktaş,Çağrı
Çöp kamyonu mahallemizi atlıyor.,Çevre ve Temizlik,Ayşe Çelik,Şişli,Çağrı
"Mezarlık girişinde otopark yok, araçlar yolu kapatıyor. Konunun incelenmesini rica ederim.",Mezarlık Hizmetleri,Ahmet Yılmaz,Ataşehir,Çağrı
Çocuk parkındaki kaydırak tehlikeli hale geldi.,Park ve Bahçe,Hatice Öztürk,Ataşehir,Web
Mahallede çok sayıda başıboş hayvan dolaşıyor.,Hayvan Kontrolü,Ayşe Çelik,Kartal,Çağrı
Pano arızası nedeniyle binada elektrik yok. Konunun incelenmesini rica ederim.,Elektrik ve Aydınlatma,Mustafa Şahin,Kartal,Mobil
"Bahçemizde su borusu patladı, su fışkırıyor.",Su ve Kanalizasyon,Zeynep Arslan,Maltepe,Mobil
"Komşu bina balkonunu kapattı, izni var mı bilmiyoruz. En kısa sürede müdahale bekliyoruz.",İmar ve Yapı,Hatice Öztürk,Şişli,Çağrı
"Yol çizgileri silinmiş, trafik karışıyor. Konunun incelenmesini rica ederim.",Yol ve Kaldırım,Ayşe Çelik,Pendik,Mobil
"Çöp toplama saatleri düzensiz, sabah erken geliyor. Acil çözüm bekliyorum.",Çevre ve Temizlik,Ayşe Çelik,Üsküdar,Çağrı
Hasta yakınına evde bakım hizmeti talep ediyorum. En kısa sürede müdahale bekliyoruz.,Sosyal Yardım,Ali Koç,Maltepe,Çağrı
İnşaat tozu çevreye yayılıyor. Konunun incelenmesini rica ederim.,İmar ve Yapı,Ayşe Çelik,Kartal,Web
Çocuğuma burs veya eğitim desteği almak istiyorum. İlgili birim bilgilendirilsin.,Sosyal Yardım,Zeynep Arslan,Maltepe,Mobil
"Sokak lambası direği devrildi, yolu kapattı. İlgili birim bilgilendirilsin.",Elektrik ve Aydınlatma,Mehmet Kaya,Pendik,Çağrı
Kedilere mama bırakılan alan kirletiliyor.,Hayvan Kontrolü,Hatice Öztürk,Üsküdar,Web
İhtiyaç sahibi komşumuz için sosyal destek istiyoruz. En kısa sürede müdahale bekliyoruz.,Sosyal Yardım,Ahmet Yılmaz,Beşiktaş,Web
Mahalle parkındaki çimler bakımsız durumda. Acil çözüm bekliyorum.,Park ve Bahçe,Ali Koç,Üsküdar,Web
"Yeraltı kablosu arızalı, kesintiler tekrarlanıyor. Acil çözüm bekliyorum.",Elektrik ve Aydınlatma,Mehmet Kaya,Kadıköy,Çağrı
"Okul servisi güzergahını değiştirdi, çocuklar mağdur. İlgili birim bilgilendirilsin.",Ulaşım,Zeynep Arslan,Kadıköy,Web
Okul kıyafeti yardımı almak istiyorum. İlgili birim bilgilendirilsin.,Sosyal Yardım,Hatice Öztürk,Kadıköy,Çağrı
Pano arızası nedeniyle binada elektrik yok. En kısa sürede müdahale bekliyoruz.,Elektrik ve Aydınlatma,Ali Koç,Kadıköy,Çağrı
Kesinti öncesi bildirim yapılmıyor.,Elektrik ve Aydınlatma,Mustafa Şahin,Maltepe,Çağrı
Sokak hayvanlarına eziyet eden biri var.,Hayvan Kontrolü,Ali Koç,Üsküdar,Çağrı
İnşaat molozları kaldırıma bırakılmış. En kısa sürede müdahale bekliyoruz.,Çevre ve Temizlik,Mehmet Kaya,Ataşehir,Çağrı
Ruhsatsız çatı katı inşaatı yapılıyor. En kısa sürede müdahale bekliyoruz.,İmar ve Yapı,Mustafa Şahin,Pendik,Mobil
"Dolmuş güzergahı değişti, okula ulaşamıyoruz. Acil çözüm bekliyorum.",Ulaşım,Zeynep Arslan,Kartal,Mobil
Alt katlara kanalizasyon suyu geliyor. Lütfen ilgilenin.,Su ve Kanalizasyon,Ayşe Çelik,Maltepe,Web
Durakta çok uzun süre araç bekliyoruz.,Ulaşım,Ahmet Yılmaz,Beşiktaş,Mobil
"Parkta yabani otlar büyümüş, bakım yapılmıyor. İlgili birim bilgilendirilsin.",Park ve Bahçe,Hatice Öztürk,Kadıköy,Web
Parkımızdaki oyun grubu bozulmuş.,Park ve Bahçe,Mehmet Kaya,Beşiktaş,Mobil
Eski bina yıkılmadan yeni inşaata başlandı.,İmar ve Yapı,Zeynep Arslan,Beşiktaş,Web
Park çevresindeki aydınlatmalar arızalı. Lütfen ilgilenin.,Elektrik ve Aydınlatma,Ayşe Çelik,Şişli,Mobil
Mahalle parkındaki çimler bakımsız durumda. Acil çözüm bekliyorum.,Park ve Bahçe,Mustafa Şahin,Kadıköy,Çağrı
"Musluktan akan suyun tadı değişti, içemiyoruz. Acil çözüm bekliyorum.",Su ve Kanalizasyon,Ayşe Çelik,Üsküdar,Web
"Parkta yabani otlar büyümüş, bakım yapılmıyor. Acil çözüm bekliyorum.",Park ve Bahçe,Mustafa Şahin,Üsküdar,Web
"Yeraltı kablosu arızalı, kesintiler tekrarlanıyor. En kısa sürede müdahale bekliyoruz.",Elektrik ve Aydınlatma,Ali Koç,Pendik,Mobil
"Mezarlık aydınlatması yetersiz, gece ziyaret edilemiyor.",Mezarlık Hizmetleri,Fatma Demir,Pendik,Çağrı
Saldırgan köpek nedeniyle parkta yürüyemiyoruz. İlgili birim bilgilendirilsin.,Hayvan Kontrolü,Ayşe Çelik,Beşiktaş,Mobil
"Parkta içki içiliyor, aileler gelemiyor. En kısa sürede müdahale bekliyoruz.",Park ve Bahçe,Ali Koç,Pendik,Çağrı
Spor aletleri bakımsız ve paslanmış durumda. İlgili birim bilgilendirilsin.,Park ve Bahçe,Hatice Öztürk,Ataşehir,Mobil
Cenaze töreninde görevli gelmedi. İlgili birim bilgilendirilsin.,Mezarlık Hizmetleri,Ali Koç,Üsküdar,Web
"Bina cephesindeki taşlar düşüyor, tehlikeli.",İmar ve Yapı,Ali Koç,Beşiktaş,Web
Akşam seferleri çok erken bitiyor. Lütfen ilgilenin.,Ulaşım,Fatma Demir,Beşiktaş,Mobil
"Otobüs içi kalabalık, yolcular binemıyor. İlgili birim bilgilendirilsin.",Ulaşım,Mehmet Kaya,Kartal,Mobil
"Su borusu patladı, yol çamura döndü. Acil çözüm bekliyorum.",Su ve Kanalizasyon,Fatma Demir,Kadıköy,Mobil
Metro istasyonu çıkışında toplu taşıma bağlantısı yok. Konunun incelenmesini rica ederim.,Ulaşım,Mustafa Şahin,Beşiktaş,Çağrı
Durakta çok uzun süre araç bekliyoruz. Lütfen ilgilenin.,Ulaşım,Ali Koç,Şişli,Web
Cenaze töreninde görevli gelmedi. En kısa sürede müdahale bekliyoruz.,Mezarlık Hizmetleri,Ali Koç,Beşiktaş,Çağrı
Ruhsata aykırı yapılaşma olduğu düşünülüyor. Konunun incelenmesini rica ederim.,İmar ve Yapı,Fatma Demir,Pendik,Mobil
Komşumun ek binası imar planına aykırı. Konunun incelenmesini rica ederim.,İmar ve Yapı,Ali Koç,Kartal,Çağrı
"Bahçe duvarı yıkıldı, park güvensiz hale geldi. Lütfen ilgilenin.",Park ve Bahçe,Mehmet Kaya,Kartal,Çağrı
Yağmur sonrası yol çok tehlikeli hale geliyor. Konunun incelenmesini rica ederim.,Yol ve Kaldırım,Mustafa Şahin,Maltepe,Mobil
Cadde üzerindeki çöp kutuları taşıyor. Acil çözüm bekliyorum.,Çevre ve Temizlik,Mehmet Kaya,Kartal,Mobil
"Haftada birkaç kez su kesiliyor, bildirim yapılmıyor. Konunun incelenmesini rica ederim.",Su ve Kanalizasyon,Hatice Öztürk,Beşiktaş,Mobil
Hasta yakınına evde bakım hizmeti talep ediyorum. Lütfen ilgilenin.,Sosyal Yardım,Hatice Öztürk,Ataşehir,Mobil
Çocuk parkındaki kaydırak tehlikeli hale geldi. Lütfen ilgilenin.,Park ve Bahçe,Mustafa Şahin,Kadıköy,Mobil
Akıllı sayaç takıldıktan sonra faturalarım iki katına çıktı. En kısa sürede müdahale bekliyoruz.,Elektrik ve Aydınlatma,Ali Koç,Pendik,Mobil
Binamızın bodrum katında izinsiz işyeri açıldı. İlgili birim bilgilendirilsin.,İmar ve Yapı,Mehmet Kaya,Maltepe,Mobil
"Su kesintisi 2 gündür devam ediyor, bilgi verilmiyor.",Su ve Kanalizasyon,Ayşe Çelik,Şişli,Mobil
Sokak süpürme çalışması haftalar önce durdu. İlgili birim bilgilendirilsin.,Çevre ve Temizlik,Zeynep Arslan,Maltepe,Web
"Mezar yeri işaretleri silinmiş, bulmak zorlaştı. En kısa sürede müdahale bekliyoruz.",Mezarlık Hizmetleri,Ayşe Çelik,Pendik,Mobil
"Yağmur suyu tahliyesi yapılmıyor, sokak su altında kalıyor. İlgili birim bilgilendirilsin.",Su ve Kanalizasyon,Zeynep Arslan,Beşiktaş,Web
İnşaat tozu çevreye yayılıyor. En kısa sürede müdahale bekliyoruz.,İmar ve Yapı,Mehmet Kaya,Kadıköy,Web
"Komşu köpeği sürekli havlıyor, uyuyamıyoruz.",Hayvan Kontrolü,Ayşe Çelik,Şişli,Mobil
Kabir ziyaret alanlarında düzenleme yapılması gerekiyor. İlgili birim bilgilendirilsin.,Mezarlık Hizmetleri,Hatice Öztürk,Üsküdar,Web
Bodrumlara kanalizasyon suyu doldu. Lütfen ilgilenin.,Su ve Kanalizasyon,Mustafa Şahin,Üsküdar,Web
"Yaralı köpek kapı önünde yatıyor, toplanması gerekiyor. İlgili birim bilgilendirilsin.",Hayvan Kontrolü,Fatma Demir,Şişli,Web
"Sokak köpekleri çöpleri dağıtıyor, temizlenmiyor. En kısa sürede müdahale bekliyoruz.",Çevre ve Temizlik,Ali Koç,Kartal,Web
Yolda oluşan çukur araçlara zarar veriyor. Konunun incelenmesini rica ederim.,Yol ve Kaldırım,Fatma Demir,Beşiktaş,Çağrı
"Çocuk oyun alanı çamurlu, zemin döşenmesi gerekiyor. Lütfen ilgilenin.",Park ve Bahçe,Ahmet Yılmaz,Kartal,Mobil
Engelli çocuğum için özel eğitim desteği lazım. Acil çözüm bekliyorum.,Sosyal Yardım,Ahmet Yılmaz,Beşiktaş,Mobil
Çocuğuma burs veya eğitim desteği almak istiyorum. En kısa sürede müdahale bekliyoruz.,Sosyal Yardım,Ayşe Çelik,Şişli,Mobil
"Mezarlık kapısı kilitli, giriş yapılamıyor. İlgili birim bilgilendirilsin.",Mezarlık Hizmetleri,Mehmet Kaya,Pendik,Çağrı
"Sokak köpekleri çöpleri dağıtıyor, temizlenmiyor. Acil çözüm bekliyorum.",Çevre ve Temizlik,Mustafa Şahin,Kartal,Çağrı
Asfalt çökmesi nedeniyle araçlar hasara uğruyor.,Yol ve Kaldırım,Mehmet Kaya,Pendik,Mobil
Akıllı sayaç takıldıktan sonra faturalarım iki katına çıktı. İlgili birim bilgilendirilsin.,Elektrik ve Aydınlatma,Ayşe Çelik,Şişli,Mobil
"Fare istilası var, ilaçlama yapılması gerekiyor. Acil çözüm bekliyorum.",Hayvan Kontrolü,Hatice Öztürk,Şişli,Mobil
Mahallede sahipsiz hayvan sayısı arttı. Konunun incelenmesini rica ederim.,Hayvan Kontrolü,Ahmet Yılmaz,Beşiktaş,Çağrı
"Musluktan akan suyun tadı değişti, içemiyoruz.",Su ve Kanalizasyon,Fatma Demir,Üsküdar,Web
Yıkım izni olmadan bina yıkılıyor. En kısa sürede müdahale bekliyoruz.,İmar ve Yapı,Mehmet Kaya,Üsküdar,Mobil
Cenaze töreninde görevli gelmedi. İlgili birim bilgilendirilsin.,Mezarlık Hizmetleri,Hatice Öztürk,Ataşehir,Mobil
Sahipsiz hayvanlar çöp kutularını devirip dağıtıyor. Lütfen ilgilenin.,Hayvan Kontrolü,Ali Koç,Kartal,Çağrı
Mahallede çok sayıda başıboş hayvan dolaşıyor. Lütfen ilgilenin.,Hayvan Kontrolü,Hatice Öztürk,Kartal,Mobil
Sokakta başıboş köpekler çocukları korkutuyor.,Hayvan Kontrolü,Ayşe Çelik,Ataşehir,Mobil
Mahallede sık sık su kesintisi yaşanıyor. En kısa sürede müdahale bekliyoruz.,Su ve Kanalizasyon,Fatma Demir,Üsküdar,Mobil
"Yağmurda alt geçit su doldu, geçiş yapılamıyor. Lütfen ilgilenin.",Yol ve Kaldırım,Hatice Öztürk,Beşiktaş,Mobil
"Sokak köpekleri çöpleri dağıtıyor, temizlenmiyor. En kısa sürede müdahale bekliyoruz.",Çevre ve Temizlik,Zeynep Arslan,Kartal,Web
İnşaat çitleri kaldırımı tamamen kapattı. En kısa sürede müdahale bekliyoruz.,İmar ve Yapı,Fatma Demir,Pendik,Mobil
Elektrik sayacım sürekli hata veriyor. En kısa sürede müdahale bekliyoruz.,Elektrik ve Aydınlatma,Mehmet Kaya,Maltepe,Web
Tatil günlerinde sefer düzenlenmesi gerekiyor. Acil çözüm bekliyorum.,Ulaşım,Mehmet Kaya,Pendik,Çağrı
Mezarlıkta su tesisatı çalışmıyor. Konunun incelenmesini rica ederim.,Mezarlık Hizmetleri,Fatma Demir,Üsküdar,Mobil
Boru patlaması nedeniyle yol su altında kaldı. En kısa sürede müdahale bekliyoruz.,Su ve Kanalizasyon,Ali Koç,Kartal,Web
Yağmur sonrası yol çok tehlikeli hale geliyor. En kısa sürede müdahale bekliyoruz.,Yol ve Kaldırım,Ali Koç,Kartal,Çağrı
"Yol çizgileri silinmiş, trafik karışıyor.",Yol ve Kaldırım,Mehmet Kaya,Üsküdar,Mobil
